Subscriber ID,Name,Plan,Start Date,Auto Renewal,Subscription Price,Subscription Type,EA Play Season Pass,EA Play Season Pass Price,Minecraft Season Pass,Minecraft Season Pass Price,Coupon Value,Total Value
3231,João Silva,Ultimate,2024-01-01,Yes,15,Monthly,Yes,30,Yes,20,5,60
3232,Maria Oliveira,Core,2024-01-15,No,5,Annual,No,-,No,0,0,5
3233,Lucas Fernandes,Standard,2024-02-10,Yes,10,Quarterly,No,-,Yes,20,10,20
3234,Ana Souza,Ultimate,2024-02-20,No,15,Monthly,Yes,30,Yes,20,3,62
3235,Pedro Gonçalves,Core,2024-03-05,Yes,5,Monthly,No,-,No,0,1,4
3236,Felipe Costa,Standard,2024-03-02,No,10,Monthly,No,-,Yes,20,2,28
3237,Camila Ribeiro,Ultimate,2024-03-03,Yes,15,Quarterly,Yes,30,Yes,20,10,55
3238,André Mendes,Core,2024-03-04,Yes,5,Annual,No,-,No,0,0,5
3239,Sofia Almeida,Ultimate,2024-03-05,No,15,Monthly,Yes,30,Yes,20,5,60
3240,Bruno Martins,Standard,2024-03-06,Yes,10,Quarterly,No,-,Yes,20,15,15
3241,Rita Castro,Core,2024-03-07,No,5,Monthly,No,-,No,0,1,4
3242,Marco Túlio,Ultimate,2024-03-08,Yes,15,Annual,Yes,30,Yes,20,20,45
3243,Lívia Silveira,Standard,2024-03-09,No,10,Monthly,No,-,Yes,20,10,20
3244,Diogo Sousa,Core,2024-03-10,Yes,5,Quarterly,No,-,No,0,0,5
3245,Fernanda Lima,Ultimate,2024-03-11,No,15,Monthly,Yes,30,Yes,20,8,57
3246,Caio Pereira,Standard,2024-03-12,Yes,10,Annual,No,-,Yes,20,12,18
3247,Beatriz Gomes,Core,2024-03-13,No,5,Monthly,No,-,No,0,2,3
3248,Cesar Oliveira,Ultimate,2024-03-14,Yes,15,Quarterly,Yes,30,Yes,20,7,58
3249,Débora Machado,Standard,2024-03-15,No,10,Monthly,No,-,Yes,20,5,25
3250,Eduardo Vargas,Core,2024-03-16,Yes,5,Annual,No,-,No,0,0,5
3251,Gabriela Santos,Ultimate,2024-03-17,No,15,Monthly,Yes,30,Yes,20,3,62
3252,Henrique Dias,Standard,2024-03-18,Yes,10,Quarterly,No,-,Yes,20,15,15
3253,Isabela Moreira,Core,2024-03-19,No,5,Monthly,No,-,No,0,1,4
3254,Joaquim Barbosa,Ultimate,2024-03-20,Yes,15,Annual,Yes,30,Yes,20,20,45
3255,Lara Rocha,Standard,2024-03-21,No,10,Monthly,No,-,Yes,20,10,20
3256,Matheus Silva,Core,2024-03-22,Yes,5,Quarterly,No,-,No,0,0,5
3257,Nicole Costa,Ultimate,2024-03-23,No,15,Monthly,Yes,30,Yes,20,5,60
3258,Otávio Mendonça,Standard,2024-03-24,Yes,10,Annual,No,-,Yes,20,15,15
3259,Paula Ferreira,Core,2024-03-25,No,5,Monthly,No,-,No,0,1,4
3260,Raquel Alves,Ultimate,2024-03-26,Yes,15,Quarterly,Yes,30,Yes,20,7,58
3261,Samuel Pires,Standard,2024-03-27,No,10,Monthly,No,-,Yes,20,10,20
3262,Tânia Barros,Core,2024-03-28,Yes,5,Annual,No,-,No,0,0,5
3263,Vinicius Lima,Ultimate,2024-03-29,No,15,Monthly,Yes,30,Yes,20,3,62
3264,Yasmin Teixeira,Standard,2024-03-30,Yes,10,Quarterly,No,-,Yes,20,15,15
3265,Zé Carlos,Core,2024-03-31,No,5,Monthly,No,-,No,0,1,4
3266,Amanda Nogueira,Core,2024-04-01,Yes,5,Monthly,No,-,No,0,0,5
3267,Bruno Cavalheiro,Ultimate,2024-04-02,No,15,Quarterly,Yes,30,Yes,20,7,58
3268,Carla Dias,Standard,2024-04-03,Yes,10,Annual,No,-,Yes,20,10,20
3269,Diego Fontes,Core,2024-04-04,No,5,Quarterly,No,-,No,0,1,4
3270,Eunice Lima,Ultimate,2024-04-05,Yes,15,Monthly,Yes,30,Yes,20,15,50
3271,Fábio Martins,Standard,2024-04-06,No,10,Monthly,No,-,Yes,20,5,25
3272,Gisele Araújo,Core,2024-04-07,Yes,5,Annual,No,-,No,0,0,5
3273,Hélio Castro,Ultimate,2024-04-08,No,15,Quarterly,Yes,30,Yes,20,20,45
3274,Ingrid Menezes,Standard,2024-04-09,Yes,10,Quarterly,No,-,Yes,20,12,18
3275,Jorge Baptista,Core,2024-04-10,No,5,Monthly,No,-,No,0,2,3
3276,Kléber Oliveira,Ultimate,2024-04-11,Yes,15,Annual,Yes,30,Yes,20,5,60
3277,Luciana Freitas,Standard,2024-04-12,No,10,Monthly,No,-,Yes,20,10,20
3278,Márcia Eller,Core,2024-04-13,Yes,5,Quarterly,No,-,No,0,0,5
3279,Nilo Peçanha,Ultimate,2024-04-14,No,15,Monthly,Yes,30,Yes,20,3,62
3280,Oscar Neves,Standard,2024-04-15,Yes,10,Annual,No,-,Yes,20,15,15
3281,Patrícia Soares,Core,2024-04-16,No,5,Monthly,No,-,No,0,1,4
3282,Quirino Gonçalves,Ultimate,2024-04-17,Yes,15,Quarterly,Yes,30,Yes,20,7,58
3283,Raul Machado,Standard,2024-04-18,No,10,Monthly,No,-,Yes,20,10,20
3284,Sônia Lobo,Core,2024-04-19,Yes,5,Annual,No,-,No,0,0,5
3285,Tiago Ramos,Ultimate,2024-04-20,No,15,Monthly,Yes,30,Yes,20,20,45
3286,Ugo Pires,Standard,2024-04-21,Yes,10,Quarterly,No,-,Yes,20,15,15
3287,Valéria Nobre,Core,2024-04-22,No,5,Monthly,No,-,No,0,1,4
3288,William Siqueira,Ultimate,2024-04-23,Yes,15,Annual,Yes,30,Yes,20,3,62
3289,Xuxa Meneghel,Standard,2024-04-24,No,10,Monthly,No,-,Yes,20,10,20
3290,Yara Figueiredo,Core,2024-04-25,Yes,5,Quarterly,No,-,No,0,0,5
3291,Zacarias Alves,Ultimate,2024-04-26,No,15,Monthly,Yes,30,Yes,20,5,60
3292,Amanda Bynes,Standard,2024-04-27,Yes,10,Annual,No,-,Yes,20,15,15
3293,Bruno Mars,Core,2024-04-28,No,5,Monthly,No,-,No,0,1,4
3294,Carla Bruni,Ultimate,2024-04-29,Yes,15,Quarterly,Yes,30,Yes,20,20,45
3295,Diego Maradona,Standard,2024-04-30,No,10,Monthly,No,-,Yes,20,5,25
3296,Estela Marques,Core,2024-05-01,No,5,Monthly,No,-,No,0,0,5
3297,Fábio Nobre,Ultimate,2024-05-02,Yes,15,Quarterly,Yes,30,Yes,20,7,58
3298,Gabriel Oliveira,Standard,2024-05-03,No,10,Annual,No,-,Yes,20,10,20
3299,Helena Santos,Core,2024-05-04,Yes,5,Quarterly,No,-,No,0,1,4
3300,Ivan Carvalho,Ultimate,2024-05-05,No,15,Monthly,Yes,30,Yes,20,15,50
3301,Júlia Ferreira,Standard,2024-05-06,Yes,10,Monthly,No,-,Yes,20,5,25
3302,Karla Alves,Core,2024-05-07,No,5,Annual,No,-,No,0,0,5
3303,Lucas Mendes,Ultimate,2024-05-08,Yes,15,Quarterly,Yes,30,Yes,20,20,45
3304,Mônica Gomes,Standard,2024-05-09,No,10,Quarterly,No,-,Yes,20,12,18
3305,Norberto Queiroz,Core,2024-05-10,Yes,5,Monthly,No,-,No,0,2,3
3306,Otávio Barros,Ultimate,2024-05-11,No,15,Annual,Yes,30,Yes,20,5,60
3307,Paula Vieira,Standard,2024-05-12,Yes,10,Monthly,No,-,Yes,20,10,20
3308,Quentin Ramos,Core,2024-05-13,No,5,Quarterly,No,-,No,0,0,5
3309,Raquel Novaes,Ultimate,2024-05-14,Yes,15,Monthly,Yes,30,Yes,20,3,62
3310,Samantha Lopes,Standard,2024-05-15,No,10,Annual,No,-,Yes,20,15,15
3311,Tiago Martins,Core,2024-05-16,Yes,5,Monthly,No,-,No,0,1,4
3312,Ulysses Guimarães,Ultimate,2024-05-17,No,15,Quarterly,Yes,30,Yes,20,7,58
3313,Vanessa Silva,Standard,2024-05-18,Yes,10,Monthly,No,-,Yes,20,10,20
3314,William Carneiro,Core,2024-05-19,No,5,Annual,No,-,No,0,0,5
3315,Ximena Rocha,Ultimate,2024-05-20,Yes,15,Monthly,Yes,30,Yes,20,20,45
3316,Yasmin Figueiredo,Standard,2024-05-21,No,10,Quarterly,No,-,Yes,20,15,15
3317,Zara Cunha,Core,2024-05-22,Yes,5,Monthly,No,-,No,0,1,4
3318,Alan Teixeira,Ultimate,2024-05-23,No,15,Annual,Yes,30,Yes,20,3,62
3319,Bárbara Oliveira,Standard,2024-05-24,Yes,10,Monthly,No,-,Yes,20,10,20
3320,Carlos Junqueira,Core,2024-05-25,No,5,Quarterly,No,-,No,0,0,5
3321,Daniela Moura,Ultimate,2024-05-26,Yes,15,Monthly,Yes,30,Yes,20,5,60
3322,Eduardo Lima,Standard,2024-05-27,No,10,Annual,No,-,Yes,20,15,15
3323,Fabiana Araújo,Core,2024-05-28,Yes,5,Monthly,No,-,No,0,1,4
3324,Geraldo Ribeiro,Ultimate,2024-05-29,No,15,Quarterly,Yes,30,Yes,20,20,45
3325,Héctor Vargas,Standard,2024-05-30,Yes,10,Quarterly,No,-,Yes,20,15,15
3326,Isabela Fonseca,Core,2024-05-31,No,5,Annual,No,-,No,0,0,5
3327,João Pedro Almeida,Ultimate,2024-06-01,Yes,15,Monthly,Yes,30,Yes,20,7,58
3328,Klara Costa,Standard,2024-06-02,No,10,Annual,No,-,Yes,20,10,20
3329,Luciana Mendes,Core,2024-06-03,Yes,5,Quarterly,No,-,No,0,1,4
3330,Marcelo Gouveia,Ultimate,2024-06-04,No,15,Monthly,Yes,30,Yes,20,15,50
3331,Nívea Borges,Standard,2024-06-05,Yes,10,Monthly,No,-,Yes,20,5,25
3332,Oscar Nogueira,Core,2024-06-06,No,5,Annual,No,-,No,0,0,5
3333,Patrícia Alves,Ultimate,2024-06-07,Yes,15,Quarterly,Yes,30,Yes,20,20,45
3334,Rafaela Silva,Standard,2024-06-08,No,10,Quarterly,No,-,Yes,20,12,18
3335,Samantha Moraes,Core,2024-06-09,Yes,5,Monthly,No,-,No,0,2,3
3336,Tatiana Rocha,Core,2024-06-10,Yes,5,Monthly,No,-,No,0,0,5
3337,Ulisses Tavares,Ultimate,2024-06-11,No,15,Quarterly,Yes,30,Yes,20,7,58
3338,Víctor Lemos,Standard,2024-06-12,Yes,10,Annual,No,-,Yes,20,10,20
3339,Wilma Barros,Core,2024-06-13,No,5,Quarterly,No,-,No,0,1,4
3340,Xavier Nascimento,Ultimate,2024-06-14,Yes,15,Monthly,Yes,30,Yes,20,15,50
3341,Yago Pereira,Standard,2024-06-15,No,10,Monthly,No,-,Yes,20,5,25
3342,Zilda Ferreira,Core,2024-06-16,Yes,5,Annual,No,-,No,0,0,5
3343,Amanda Lopes,Ultimate,2024-06-17,No,15,Quarterly,Yes,30,Yes,20,20,45
3344,Bruno Miranda,Standard,2024-06-18,Yes,10,Quarterly,No,-,Yes,20,12,18
3345,Célia Torres,Core,2024-06-19,No,5,Monthly,No,-,No,0,2,3
3346,Diogo Souza,Ultimate,2024-06-20,Yes,15,Annual,Yes,30,Yes,20,5,60
3347,Elisa Castro,Standard,2024-06-21,No,10,Monthly,No,-,Yes,20,10,20
3348,Fátima Lima,Core,2024-06-22,Yes,5,Quarterly,No,-,No,0,0,5
3349,Geraldo Ribeiro,Ultimate,2024-06-23,No,15,Monthly,Yes,30,Yes,20,3,62
3350,Hélio Martins,Standard,2024-06-24,Yes,10,Annual,No,-,Yes,20,15,15
3351,Íris Santos,Core,2024-06-25,No,5,Monthly,No,-,No,0,1,4
3352,João Marcelo,Ultimate,2024-06-26,Yes,15,Quarterly,Yes,30,Yes,20,7,58
3353,Larissa Gomes,Standard,2024-06-27,No,10,Monthly,No,-,Yes,20,10,20
3354,Márcio Silva,Core,2024-06-28,Yes,5,Annual,No,-,No,0,0,5
3355,Nadia Costa,Ultimate,2024-06-29,No,15,Monthly,Yes,30,Yes,20,20,45
3356,Oscar Almeida,Standard,2024-06-30,Yes,10,Quarterly,No,-,Yes,20,15,15
3357,Patricia Soares,Core,2024-07-01,No,5,Monthly,No,-,No,0,1,4
3358,Quênia Barros,Ultimate,2024-07-02,Yes,15,Annual,Yes,30,Yes,20,3,62
3359,Rafael Torres,Standard,2024-07-03,No,10,Monthly,No,-,Yes,20,10,20
3360,Silvia Nascimento,Core,2024-07-04,Yes,5,Quarterly,No,-,No,0,0,5
3361,Tiago Mendes,Ultimate,2024-07-05,No,15,Monthly,Yes,30,Yes,20,15,50
3362,Ursula Silva,Standard,2024-07-06,Yes,10,Annual,No,-,Yes,20,15,15
3363,Vanessa Moraes,Core,2024-07-07,No,5,Monthly,No,-,No,0,1,4
3364,Waldir Junior,Ultimate,2024-07-08,Yes,15,Quarterly,Yes,30,Yes,20,7,58
3365,Xavier Lopes,Standard,2024-07-09,No,10,Monthly,No,-,Yes,20,10,20
3366,Yolanda Freitas,Core,2024-07-10,Yes,5,Monthly,No,-,No,0,0,5
3367,Zacarias Nunes,Ultimate,2024-07-11,No,15,Quarterly,Yes,30,Yes,20,7,58
3368,Ana Clara Barreto,Standard,2024-07-12,Yes,10,Annual,No,-,Yes,20,10,20
3369,Bruno Henrique,Core,2024-07-13,No,5,Quarterly,No,-,No,0,1,4
3370,Carlos Eduardo,Ultimate,2024-07-14,Yes,15,Monthly,Yes,30,Yes,20,15,50
3371,Débora Lima,Standard,2024-07-15,No,10,Monthly,No,-,Yes,20,5,25
3372,Elisa Neves,Core,2024-07-16,Yes,5,Annual,No,-,No,0,0,5
3373,Fabiano Gomes,Ultimate,2024-07-17,No,15,Quarterly,Yes,30,Yes,20,20,45
3374,Gisele Oliveira,Standard,2024-07-18,Yes,10,Quarterly,No,-,Yes,20,12,18
3375,Héctor Silva,Core,2024-07-19,No,5,Monthly,No,-,No,0,2,3
3376,Igor Martins,Ultimate,2024-07-20,Yes,15,Annual,Yes,30,Yes,20,5,60
3377,Joana Figueiredo,Standard,2024-07-21,No,10,Monthly,No,-,Yes,20,10,20
3378,Kleber Machado,Core,2024-07-22,Yes,5,Quarterly,No,-,No,0,0,5
3379,Luciana Santos,Ultimate,2024-07-23,No,15,Monthly,Yes,30,Yes,20,3,62
3380,Marcos Teixeira,Standard,2024-07-24,Yes,10,Annual,No,-,Yes,20,15,15
3381,Natalia Costa,Core,2024-07-25,No,5,Monthly,No,-,No,0,1,4
3382,Oscar Ribeiro,Ultimate,2024-07-26,Yes,15,Quarterly,Yes,30,Yes,20,7,58
3383,Patricia Almeida,Standard,2024-07-27,No,10,Monthly,No,-,Yes,20,10,20
3384,Quirino Junior,Core,2024-07-28,Yes,5,Annual,No,-,No,0,0,5
3385,Renata Machado,Ultimate,2024-07-29,No,15,Monthly,Yes,30,Yes,20,20,45
3386,Sônia Alves,Standard,2024-07-30,Yes,10,Quarterly,No,-,Yes,20,15,15
3387,Tiago Nunes,Core,2024-07-31,No,5,Monthly,No,-,No,0,1,4
3388,Ulysses Pereira,Ultimate,2024-08-01,Yes,15,Annual,Yes,30,Yes,20,3,62
3389,Vanessa Lima,Standard,2024-08-02,No,10,Monthly,No,-,Yes,20,10,20
3390,Wagner Santos,Core,2024-08-03,Yes,5,Quarterly,No,-,No,0,0,5
3391,Xuxa Meneghel,Ultimate,2024-08-04,No,15,Monthly,Yes,30,Yes,20,15,50
3392,Yasmin Silva,Standard,2024-08-05,Yes,10,Annual,No,-,Yes,20,15,15
3393,Zacarias de Souza,Core,2024-08-06,No,5,Monthly,No,-,No,0,1,4
3394,André Lima,Ultimate,2024-08-07,Yes,15,Quarterly,Yes,30,Yes,20,7,58
3395,Bianca Freitas,Standard,2024-08-08,No,10,Monthly,No,-,Yes,20,10,20
3396,Caio Mendes,Core,2024-08-09,Yes,5,Annual,No,-,No,0,0,5
3397,Daniela Moura,Ultimate,2024-08-10,No,15,Monthly,Yes,30,Yes,20,20,45
3398,Eduardo Costa,Standard,2024-08-11,Yes,10,Quarterly,No,-,Yes,20,15,15
3399,Fernanda Gomes,Core,2024-08-12,No,5,Monthly,No,-,No,0,1,4
3400,Guilherme Souza,Ultimate,2024-08-13,Yes,15,Annual,Yes,30,Yes,20,5,60
3401,Helena Ribeiro,Standard,2024-08-14,No,10,Monthly,No,-,Yes,20,10,20
3402,Igor Santos,Core,2024-08-15,Yes,5,Quarterly,No,-,No,0,0,5
3403,João Carvalho,Ultimate,2024-08-16,No,15,Monthly,Yes,30,Yes,20,3,62
3404,Klara Fagundes,Standard,2024-08-17,Yes,10,Annual,No,-,Yes,20,15,15
3405,Lúcia Mendonça,Core,2024-08-18,No,5,Monthly,No,-,No,0,1,4
3406,Marcelo Novaes,Core,2024-08-19,Yes,5,Monthly,No,-,No,0,0,5
3407,Nina Pacheco,Ultimate,2024-08-20,No,15,Quarterly,Yes,30,Yes,20,7,58
3408,Olívia Rios,Standard,2024-08-21,Yes,10,Annual,No,-,Yes,20,10,20
3409,Paulo Quintana,Core,2024-08-22,No,5,Quarterly,No,-,No,0,1,4
3410,Raquel Domingos,Ultimate,2024-08-23,Yes,15,Monthly,Yes,30,Yes,20,15,50
3411,Samuel Viana,Standard,2024-08-24,No,10,Monthly,No,-,Yes,20,5,25
3412,Tatiane Rocha,Core,2024-08-25,Yes,5,Annual,No,-,No,0,0,5
3413,Ulysses Farias,Ultimate,2024-08-26,No,15,Quarterly,Yes,30,Yes,20,20,45
3414,Vanessa Moreira,Standard,2024-08-27,Yes,10,Quarterly,No,-,Yes,20,12,18
3415,William Carvalho,Core,2024-08-28,No,5,Monthly,No,-,No,0,2,3
3416,Ximena Barros,Ultimate,2024-08-29,Yes,15,Annual,Yes,30,Yes,20,5,60
3417,Yara Machado,Standard,2024-08-30,No,10,Monthly,No,-,Yes,20,10,20
3418,Zacarias Costa,Core,2024-08-31,Yes,5,Quarterly,No,-,No,0,0,5
3419,André Lopes,Ultimate,2024-09-01,No,15,Monthly,Yes,30,Yes,20,3,62
3420,Beatriz Souza,Standard,2024-09-02,Yes,10,Annual,No,-,Yes,20,15,15
3421,Caio Pereira,Core,2024-09-03,No,5,Monthly,No,-,No,0,1,4
3422,Daniela Araújo,Ultimate,2024-09-04,Yes,15,Quarterly,Yes,30,Yes,20,7,58
3423,Eduardo Santos,Standard,2024-09-05,No,10,Monthly,No,-,Yes,20,10,20
3424,Fernanda Lima,Core,2024-09-06,Yes,5,Annual,No,-,No,0,0,5
3425,Gabriel Teixeira,Ultimate,2024-09-07,No,15,Monthly,Yes,30,Yes,20,20,45
3426,Helena Ribeiro,Standard,2024-09-08,Yes,10,Quarterly,No,-,Yes,20,15,15
3427,Igor Mendes,Core,2024-09-09,No,5,Monthly,No,-,No,0,1,4
3428,Joana Silveira,Ultimate,2024-09-10,Yes,15,Annual,Yes,30,Yes,20,3,62
3429,Lucas Martins,Standard,2024-09-11,No,10,Monthly,No,-,Yes,20,10,20
3430,Marcela Gouveia,Core,2024-09-12,Yes,5,Quarterly,No,-,No,0,0,5
3431,Nicolas Borges,Ultimate,2024-09-13,No,15,Monthly,Yes,30,Yes,20,15,50
3432,Olivia Freitas,Standard,2024-09-14,Yes,10,Annual,No,-,Yes,20,15,15
3433,Paulo Nogueira,Core,2024-09-15,No,5,Monthly,No,-,No,0,1,4
3434,Raquel Andrade,Ultimate,2024-09-16,Yes,15,Quarterly,Yes,30,Yes,20,7,58
3435,Sônia Carvalho,Standard,2024-09-17,No,10,Monthly,No,-,Yes,20,10,20
3436,Tiago Rodrigues,Core,2024-09-18,Yes,5,Monthly,No,-,No,0,0,5
3437,Ursula Monteiro,Ultimate,2024-09-19,No,15,Quarterly,Yes,30,Yes,20,7,58
3438,Vanessa Pereira,Standard,2024-09-20,Yes,10,Annual,No,-,Yes,20,10,20
3439,Walter Silva,Core,2024-09-21,No,5,Quarterly,No,-,No,0,1,4
3440,Xavier Almeida,Ultimate,2024-09-22,Yes,15,Monthly,Yes,30,Yes,20,15,50
3441,Yasmine Correia,Standard,2024-09-23,No,10,Monthly,No,-,Yes,20,5,25
3442,Zacarias Almeida,Core,2024-09-24,Yes,5,Annual,No,-,No,0,0,5
3443,Amanda Costa,Ultimate,2024-09-25,No,15,Quarterly,Yes,30,Yes,20,20,45
3444,Bruno Ferreira,Standard,2024-09-26,Yes,10,Quarterly,No,-,Yes,20,12,18
3445,Carla Dias,Core,2024-09-27,No,5,Monthly,No,-,No,0,2,3
3446,Diogo Martins,Ultimate,2024-09-28,Yes,15,Annual,Yes,30,Yes,20,5,60
3447,Elisa Campos,Standard,2024-09-29,No,10,Monthly,No,-,Yes,20,10,20
3448,Fabiana Lima,Core,2024-09-30,Yes,5,Quarterly,No,-,No,0,0,5
3449,Gabriel Santos,Ultimate,2024-10-01,No,15,Monthly,Yes,30,Yes,20,3,62
3450,Helena Ferreira,Standard,2024-10-02,Yes,10,Annual,No,-,Yes,20,15,15
3451,Ígor Nunes,Core,2024-10-03,No,5,Monthly,No,-,No,0,1,4
3452,Joana Silveira,Ultimate,2024-10-04,Yes,15,Quarterly,Yes,30,Yes,20,7,58
3453,Kléber Oliveira,Standard,2024-10-05,No,10,Monthly,No,-,Yes,20,10,20
3454,Luciana Morais,Core,2024-10-06,Yes,5,Annual,No,-,No,0,0,5
3455,Marcos Vinícius,Ultimate,2024-10-07,No,15,Monthly,Yes,30,Yes,20,20,45
3456,Natália Barros,Standard,2024-10-08,Yes,10,Quarterly,No,-,Yes,20,15,15
3457,Oscar Sampaio,Core,2024-10-09,No,5,Monthly,No,-,No,0,1,4
3458,Patrícia Leite,Ultimate,2024-10-10,Yes,15,Annual,Yes,30,Yes,20,3,62
3459,Quênia Rocha,Standard,2024-10-11,No,10,Monthly,No,-,Yes,20,10,20
3460,Rafael Torres,Core,2024-10-12,Yes,5,Quarterly,No,-,No,0,0,5
3461,Sandra Gouveia,Ultimate,2024-10-13,No,15,Monthly,Yes,30,Yes,20,15,50
3462,Tiago Lacerda,Standard,2024-10-14,Yes,10,Annual,No,-,Yes,20,15,15
3463,Ursula Fonseca,Core,2024-10-15,No,5,Monthly,No,-,No,0,1,4
3464,Vanessa Andrade,Ultimate,2024-10-16,Yes,15,Quarterly,Yes,30,Yes,20,7,58
3465,William Castro,Standard,2024-10-17,No,10,Monthly,No,-,Yes,20,10,20
3466,Xavier Monteiro,Core,2024-10-18,Yes,5,Annual,No,-,No,0,0,5
3467,Yasmin Figueira,Ultimate,2024-10-19,No,15,Monthly,Yes,30,Yes,20,15,50
3468,Zacarias Mendonça,Standard,2024-10-20,Yes,10,Quarterly,No,-,Yes,20,12,18
3469,Amanda Menezes,Core,2024-10-21,No,5,Monthly,No,-,No,0,2,3
3470,Bruno Santos,Ultimate,2024-10-22,Yes,15,Annual,Yes,30,Yes,20,5,60
3471,Carla Ferreira,Standard,2024-10-23,No,10,Monthly,No,-,Yes,20,10,20
3472,Diogo Alves,Core,2024-10-24,Yes,5,Quarterly,No,-,No,0,0,5
3473,Elisa Neves,Ultimate,2024-10-25,No,15,Monthly,Yes,30,Yes,20,3,62
3474,Fabiano Pires,Standard,2024-10-26,Yes,10,Annual,No,-,Yes,20,15,15
3475,Giovana Ribeiro,Core,2024-10-27,No,5,Monthly,No,-,No,0,1,4
3476,Hélio Costa,Ultimate,2024-10-28,Yes,15,Quarterly,Yes,30,Yes,20,7,58
3477,Íris Loureiro,Standard,2024-10-29,No,10,Monthly,No,-,Yes,20,10,20
3478,João Pereira,Core,2024-10-30,Yes,5,Annual,No,-,No,0,0,5
3479,Klara Silva,Ultimate,2024-10-31,No,15,Monthly,Yes,30,Yes,20,20,45
3480,Luciana Barros,Standard,2024-11-01,Yes,10,Quarterly,No,-,Yes,20,15,15
3481,Marcos Gomes,Core,2024-11-02,No,5,Monthly,No,-,No,0,1,4
3482,Natália Soares,Ultimate,2024-11-03,Yes,15,Annual,Yes,30,Yes,20,3,62
3483,Oscar Machado,Standard,2024-11-04,No,10,Monthly,No,-,Yes,20,10,20
3484,Patrícia Lima,Core,2024-11-05,Yes,5,Quarterly,No,-,No,0,0,5
3485,Quirino Neto,Ultimate,2024-11-06,No,15,Monthly,Yes,30,Yes,20,15,50
3486,Rafaela Souza,Core,2024-11-07,Yes,5,Monthly,No,-,No,0,0,5
3487,Sandro Almeida,Ultimate,2024-11-08,No,15,Quarterly,Yes,30,Yes,20,7,58
3488,Tânia Ribeiro,Standard,2024-11-09,Yes,10,Annual,No,-,Yes,20,10,20
3489,Ugo Dias,Core,2024-11-10,No,5,Quarterly,No,-,No,0,1,4
3490,Valéria Lima,Ultimate,2024-11-11,Yes,15,Monthly,Yes,30,Yes,20,15,50
3491,William Fernandes,Standard,2024-11-12,No,10,Monthly,No,-,Yes,20,5,25
3492,Xuxa Mendes,Core,2024-11-13,Yes,5,Annual,No,-,No,0,0,5
3493,Ygor Farias,Ultimate,2024-11-14,No,15,Quarterly,Yes,30,Yes,20,20,45
3494,Zilda Barros,Standard,2024-11-15,Yes,10,Quarterly,No,-,Yes,20,12,18
3495,Amanda Santos,Core,2024-11-16,No,5,Monthly,No,-,No,0,2,3
3496,Bruno Costa,Ultimate,2024-11-17,Yes,15,Annual,Yes,30,Yes,20,5,60
3497,Carla Rodrigues,Standard,2024-11-18,No,10,Monthly,No,-,Yes,20,10,20
3498,Diogo Pereira,Core,2024-11-19,Yes,5,Quarterly,No,-,No,0,0,5
3499,Elisa Correia,Ultimate,2024-11-20,No,15,Monthly,Yes,30,Yes,20,3,62
3500,Fábio Lourenço,Standard,2024-11-21,Yes,10,Annual,No,-,Yes,20,15,15
3501,Gabriela Neves,Core,2024-11-22,No,5,Monthly,No,-,No,0,1,4
3502,Henrique Gonçalves,Ultimate,2024-11-23,Yes,15,Quarterly,Yes,30,Yes,20,7,58
3503,Íris Santos,Standard,2024-11-24,No,10,Monthly,No,-,Yes,20,10,20
3504,João Marcelo Alves,Core,2024-11-25,Yes,5,Annual,No,-,No,0,0,5
3505,Klara Fonseca,Ultimate,2024-11-26,No,15,Monthly,Yes,30,Yes,20,20,45
3506,Lucas Mendonça,Standard,2024-11-27,Yes,10,Quarterly,No,-,Yes,20,15,15
3507,Marcela Torres,Core,2024-11-28,No,5,Monthly,No,-,No,0,1,4
3508,Natália Castro,Ultimate,2024-11-29,Yes,15,Annual,Yes,30,Yes,20,3,62
3509,Oscar Martins,Standard,2024-11-30,No,10,Monthly,No,-,Yes,20,10,20
3510,Patrícia Oliveira,Core,2024-12-01,Yes,5,Quarterly,No,-,No,0,0,5
3511,Quentin Nogueira,Ultimate,2024-12-02,No,15,Monthly,Yes,30,Yes,20,15,50
3512,Raquel Silva,Standard,2024-12-03,Yes,10,Annual,No,-,Yes,20,15,15
3513,Sandro Gomes,Core,2024-12-04,No,5,Monthly,No,-,No,0,1,4
3514,Tânia Machado,Ultimate,2024-12-05,Yes,15,Quarterly,Yes,30,Yes,20,7,58
3515,Ursula Silva,Standard,2024-12-06,No,10,Monthly,No,-,Yes,20,10,20
3516,Vanessa Moraes,Core,2024-12-07,Yes,5,Annual,No,-,No,0,0,5
3517,William Carvalho,Ultimate,2024-12-08,No,15,Monthly,Yes,30,Yes,20,20,45
3518,Xavier Reis,Standard,2024-12-09,Yes,10,Quarterly,No,-,Yes,20,12,18
3519,Yasmin Rocha,Core,2024-12-10,No,5,Monthly,No,-,No,0,2,3
3520,Zacarias Duarte,Ultimate,2024-12-11,Yes,15,Annual,Yes,30,Yes,20,5,60
3521,Amanda Freitas,Standard,2024-12-12,No,10,Monthly,No,-,Yes,20,10,20
3522,Bruno Almeida,Core,2024-12-13,Yes,5,Quarterly,No,-,No,0,0,5
3523,Carla Siqueira,Ultimate,2024-12-14,No,15,Monthly,Yes,30,Yes,20,3,62
3524,Diogo Ramos,Standard,2024-12-15,Yes,10,Annual,No,-,Yes,20,15,15
3525,Elisa Magalhães,Core,2024-12-16,No,5,Monthly,No,-,No,0,1,4
